,model,accuracy,precession,recall,f1 score
0,CNN,12.08,84.61999999999999,4.15,24.43999946117401
0,Inception V3,77.41,82.08,76.3,88.66000000000001
